0,4a50c68e-5a3d-4473-bc4d-69975ae7ce68
1,0421cde3-2fb9-46a2-835a-577e49733cf7
2,cbe13b4e-121a-48ff-93a9-d87e5a02003b
3,2fe469f8-bad8-4a17-8609-5a09cb4fb48b
4,9a0ab8b9-fd03-4027-ac71-c19aa3bca2e0
5,3cdfd796-b1cb-48c9-ae95-2c9b07c531bd
6,47023607-974a-409d-90ba-0ee0fd03d0d5
7,882b6563-4bf6-4f57-baa3-27eb99f35f3b
8,59393451-9486-492e-9b3c-43cb025705e1
9,d9e5a739-d220-4029-b283-7a59a3917093
10,f54bb993-3f84-4b6f-8b25-0f6452e47171
11,304e8d93-3f10-4d15-95fa-ed5ed59afa0f
12,dfb6ebb6-f7c9-4bdb-948b-f25970bbd2c7
13,9ea6b041-946d-43ed-afcb-435bf82841fb
14,04c6a1e4-ee39-48c8-9bbe-d2ef8d134212
15,66a66242-4074-47ff-abfe-2093fbc30f95
16,25a955f8-9c7a-4596-80ef-a648991fc393
17,c8c8a1b6-42cf-4925-b209-bf8c2a6786b4
18,b28ca291-2283-4b5c-bf89-e01b08f88b39
19,97f69e64-71cd-4bb0-9b7f-c6780f27ff6b
20,647999e9-3219-4535-9dc5-cc866d6a04e7
21,a4b90082-64fe-4e1b-9364-24d2dc333490
22,284373d3-facd-430a-9e8a-79abb8de7a0d
23,2b15dd66-3965-4b2b-9286-9db8f3c4ad01
24,92bbeb1b-1b79-41eb-9019-48d4e20b3830
25,ce2abd75-6bed-4bf4-8717-fcb7fd48a03e
26,7dd9ce79-03d1-465c-8350-128a3ea0b638
27,a70c8df8-745f-4e02-a20d-cb5b6d92f967
28,e9e2accf-2f43-4c21-aaff-415b68eae51b
29,55400f1f-e96f-458c-96be-ff94d1159dd7
30,17472f64-f489-469d-ab9b-1989b0026f8c
31,9f374ec2-2a2a-4537-93a7-89c02d41c9fd
32,27b7516d-d1f6-4a61-9484-d1f146e3da9e
33,b4fc560e-71b5-4ded-9d5f-81e3edaf77a1
34,2b89c132-4f7f-4ccf-81e6-42714a655f64
35,0f18d8cc-59e3-4bcb-affa-c76a7af19d22
36,d8469b1a-66a7-4dc8-9c6f-d7894cdc2d23
37,86290207-a628-4160-8d4a-3b1d36c8f5bc
38,6b2a04e3-e35a-436b-8e08-d6ab77db2817
39,ed6c5531-dc4f-4df9-a504-88820ef0d21a
40,f0db61fe-b3bd-4f85-9719-ed8afd563e9f
41,b6a84d25-f500-4118-860e-7b6caaeb1c54
42,a2ebca3f-917d-40f1-a09c-87ae66e5f945
43,eb998998-10ae-4cbd-8c0f-b08528ff2d90
44,3bff5f8d-cca1-4514-801d-3d07c6ee02d3
45,5aaa6dce-cd5a-4920-942c-6e3848d9fb04
46,37f997fc-9412-481a-9139-d571f9c29a9f
47,02f67069-2043-431e-ab57-f2c456ed76d3
48,64c5c0b3-3151-4deb-b263-3a31e876db57
49,b90a7755-b843-4e00-b1b8-89a0dabaaa27
50,51dd6012-0466-4257-b2e7-d43cb9025c09
51,1a0e4736-ea9f-41cb-a850-e900014f1a2c
52,4bc05b78-2bc7-4c1e-a648-610ce866bf8e
53,ae20e15a-ab03-48db-bc22-c01716e0f8d9
54,9db84223-de37-4e30-ae92-5ddecea73a3b
55,130c959e-00d2-482f-94bc-a74dd12427f8
56,7b14c658-047d-470f-82e9-532496cbefd6
57,9521695a-36ac-4ffa-bd0d-11a224c6774b
58,741422e1-50df-4ac7-b9f5-99f99ad65c64
59,56b3de61-cf77-47b7-a863-2ba793998f2f
60,b0decee9-fcf8-4350-b470-6a8ba5553f27
61,e0a2041b-19c8-4be3-8198-747870a15505
62,9f94320f-3e4d-4d8c-8413-96a6bd192064
63,7b84c696-c6e7-491b-9552-31ae45e07ac6
64,cbf0b931-6bdd-4a00-bcf7-e7fd549af91c
65,b303f5c9-8b0c-4d87-9243-8f95be5dea4d
66,e5441909-c052-404e-918c-cfb79af6ce91
67,89f54e9d-2489-49f2-b743-905ee57b3460
68,044f7ab4-1f79-440e-a322-8520f821959b
69,8984c241-4bdf-4e28-be0b-999ff9eac3ae
70,7cf94389-4a99-4f3a-a18c-44e1f2aa2172
71,01a0a976-0792-4647-9307-22f6d8068b69
72,312efede-3a2c-4efc-a5ca-9f266b55254f
73,d99006f2-9f30-4bb9-9b04-c362a70cf135
74,b5db78bd-1226-4877-a05b-cdfa2b81251f
75,6e2392fa-36d2-467d-be30-1532304ea268
76,8061afcb-35b5-42f9-9fcb-78a6841f8c8e
77,3efa8713-b049-4d96-959e-036aa6aed33b
78,029bf9f7-6aac-44ff-af74-904a4a221bd3
79,9160ef01-bda6-4f40-ae0a-ce25c3cbca1e
80,9e6babef-2a1f-4379-ad49-2257e375423c
81,5ac8ae36-6ee0-4e72-8ec6-1af2ed12cfb5
82,f458b043-6c92-4ea8-add1-043f55bc7fc4
83,8545190a-55b4-4bc4-86af-e6f8ee8f3721
84,b6b4a4e3-1948-4ab3-8d95-148bf3d29f3e
85,e59b1eb8-4192-407d-be6d-0152aea98489
86,510cbe48-4289-490e-8a03-c9af9f9bf647
87,34fc217e-243c-4cf4-8954-0c2482f30986
88,344ab623-ca4e-45c9-ad1e-e7b28250cae0
89,0b32d3d5-27fb-486c-affd-e6c81302febc
90,531707f0-f4d3-4a12-b447-29f28ad22097
91,fc96c370-9375-47c4-9136-f8ac352f0a9f
92,b474f59f-d074-4ab8-91a6-e7f165f2e7da
93,53b7726b-8d95-4d58-a908-39491dc2d7ff
94,ec1a6570-7a8b-4677-b201-4aac5c159725
95,54088085-92ed-4b8d-a60b-94603cbdffe3
96,33a18d22-3da8-4871-8e03-bfcbefbe95d2
97,de0728c2-1072-4328-ba51-ff1e643bba9f
98,2ea75535-f4e2-41e6-831b-ba85ad8f72aa
99,628742a5-84a4-40e8-bf62-a9c4ea8d77bf
100,8ba61f92-9797-4bec-9cac-6915a7041786
101,7ec9c3ac-1056-451b-8c25-9d4a0151b88d
102,8c09c02d-22db-45db-8b5c-2021490ff921
103,d23d5897-25da-4749-909e-e6a75cfb4995
104,1b974a52-76bb-4c86-8cf3-d6910bfff668
105,69b4ef73-b0ae-4c60-920f-1c7ca58d093e
106,1b0bac82-e0ec-43d8-b6db-7b5014a6543e
107,f54413f8-b077-4271-9f36-5be4864c82b0
108,972ac7d8-f6d0-4f21-8911-f6be7e4739af
109,9e24dc95-9447-450c-9df2-75554123a250
110,17b54318-b460-4216-ab8e-0f9ac168e70b
111,aad259bf-69a3-4917-8282-cdb69d95eb55
112,d9d76e4a-ac4a-44f1-8d63-51deb6b33867
113,08e018a7-d943-48a2-9e1d-9e7a0ef7d24b
114,14686484-6748-4925-a46d-084f707788d8
115,56521771-00e4-4d91-8a62-63eea41f04ec
116,aa80dd44-8527-4c95-b86c-41c787a85f7b
117,6629172b-aac2-4e28-b508-a943f4ae5e17
118,cd315e9a-043a-4b31-8864-d9c2bbba6f9e
119,1a93b337-a813-487f-a76f-124e1a87a8d3
120,87fbe988-b8dc-43dc-9914-7a9595b8f137
121,dac9f15f-a964-4b41-b3eb-a56ecc8e0831
122,e2720daf-ce7d-4cd2-8382-11639899fc91
123,af6aa5ef-5163-460d-ae45-73c889bf2825
124,739802b5-2350-4d4e-aecb-4c7cc87f35a6
125,b2d7d65e-b44e-48bd-b91c-a37e43700db1
126,8121f26b-897e-4b48-bcda-a787a818edba
127,07396cef-deb5-46eb-b35e-c860d344f685
128,d1eec90e-c7cb-4d64-9161-e12292b94b1e
129,46ff77d0-e593-4093-b8a7-0b07a4e00be6
130,5db95e1b-d16d-4b46-b15e-1f9e9c47a77f
131,96aa6b52-cee8-4958-9067-b164510592f2
132,63906516-626a-44c2-b333-15c53b4edbf1
133,81bec9b7-0364-410e-89f4-7c9207354688
134,680abbe4-a492-41a8-9bdb-def4ffabf981
135,c858026b-4b1d-476b-a30f-a7225120672f
136,e5d15664-ff38-420a-bea0-616a59b56c63
137,173370e4-d330-447f-aad1-d0ff5c89f948
138,e5338058-54ea-4a46-9146-63406c48e8e4
139,43fe7689-18a2-4166-9b77-f2aeff7c9eee
140,7cfd6bee-7fc6-492c-8b2b-f12cd1606e17
141,3ba20216-ef69-4a56-b7c0-53a08939a762
142,1edd526e-f060-45d4-8100-cacb83e65482
143,8f3e1316-595d-4772-a680-71d67c1e7a08
144,71e7b516-6d92-4951-9c55-11edef6392c9
145,09eee018-9832-4f63-be0c-1c59608fc9b8
146,5db9910c-7e08-453c-a44d-23799b4c3ed8
147,a1ca9081-a2a6-4dbd-8498-4cd860f5f4d0
148,82bf3d31-92ec-4cd0-85dc-e25eca2b7f00
149,c2fbb3bc-ddc3-4f6f-b66d-13db04089436
150,0d801115-da95-484d-b661-454c059c4a53
151,5574b85a-cdad-47ba-a807-0ff11d21d4f9
152,d25c9549-6ba7-4caa-a575-61a064bf91f3
153,66c8ee37-9108-4f90-9131-c88719cd8b90
154,fbc11f26-2758-4dc8-a4f7-0dc1c5b7d9c0
155,1ae9dece-b58d-4bd9-9e5e-59298be76603
156,6a756615-d42e-46f2-81a8-0fb9ee01cf4c
157,5dcb3618-07dd-44ec-a70e-4cc68d9d9df5
158,0a6b4670-9c0e-40b5-bd88-a5ab6090b203
159,af8526c5-c074-4920-a057-bce54a50eb8d
160,792de66d-4ef4-4361-806e-1de361eab795
161,cf4d08f7-b80e-45ac-805e-c78d49f9de51
162,cc49a6e2-d33b-4426-8301-4c79053f3286
163,c8b41338-7d19-4a91-ab1d-4d9d3255b1d1
164,c745f794-71d0-4f4d-b978-65af42dba759
165,ec2d080c-865d-4722-943f-d3e4852215a5
166,47048374-4306-4c3c-ae6d-26f115ff7bb2
167,7959b4e7-74a1-4221-bd42-b0286cd5331d
168,9bb10a0c-6e56-4678-b63a-80292ffe4744
169,09bdf305-c620-46b4-af4d-6c861a5b76df
170,d5d39b17-ea5e-4b2e-95bb-328b067543b8
171,c1f698dd-d5c2-4ac9-a515-3ea5bcc7ad33
172,d34d617a-6166-4d2c-b237-6313a755ce07
173,a604ea92-359c-478e-8fc4-1df1ffb4d72f
174,d43a0905-1507-4962-aeb2-e028f5354b99
175,890b99b9-bc46-470f-9080-5cf937018e65
176,46eb1244-d7f7-4397-8c2f-c8bbe29a6cb1
177,785fa393-0059-47e4-ab3b-2a8138718738
178,0e043c6c-b93a-4773-b1e0-e8110994c061
179,474c21aa-9b1c-4867-9cf0-670915636a21
180,0e5ee9ba-47e8-4fa7-9b0b-69751094bc47
181,4eaf0df2-7c8d-4c70-856c-eca28cff2336
182,4f63c8f8-c730-4c3e-8696-2ca7a59fa514
183,962ec446-7435-480a-99a9-4f6d4935cd39
184,3501c74a-00fe-434b-b39a-cb4b2a8c1c45
185,f7752a03-43ac-463a-ac34-ddd1caff2500
186,43880a50-f850-4984-ba0a-59e4f4458d86
187,60dbc6b8-72b0-4028-af20-fe75a086637b
188,16360d05-55dc-4384-945b-6e74d7c4db08
189,ac6a7a96-7424-480d-9761-1fc9879bcc81
190,ca5cca34-266e-4c03-b91b-220aef02beff
191,7570ec4c-f1b1-41bf-8dc9-e1425b0beeff
192,77fd974f-53bd-4166-ba6f-bf0a98568d2b
193,8eb0e6eb-f17b-4c23-9f58-f44681d65a9a
194,fe002bf9-5be3-4e79-a037-272cd0554a84
195,4e0cd5af-f578-4a2b-ba38-9f96bf50e298
196,5c9a7230-0a4c-4815-8261-904b6a20ac20
197,23c3ec34-71f0-49f0-9180-c8b8c3888fb1
198,bec4ebd5-d962-403b-a1cc-a7b3194b43ad
199,2884f578-eb7f-408b-bd5e-a0e7e6af4c95
200,211a5310-9d74-4c76-8d8e-c4c28025040e
201,2e816c6f-0525-4fd9-9dc5-de3dc0869d5d
202,4fa3f4a7-d6ae-4146-8248-1a54d1a7b2c0
203,2962054c-1106-46f6-bb01-63f1adeed85f
204,5537105d-ec9f-4ddc-8481-fd29b5e633a4
205,8dbc9dfa-2220-4f6c-976c-33b87f5aabdb
206,ae78c58d-0e7f-4653-9870-b289b621566c
207,937a45c6-3b9a-4e7f-b12e-20d277c93271
208,5a6d3780-508e-43fa-a129-a3afc8d6c60a
209,62efa0ec-0a2b-49e8-aebb-5cf877729e90
210,843f703c-2e0f-4de8-b878-8c5fb06f85d6
211,e5abed98-8cc4-4af2-9cac-944d38093af6
212,727557a1-7dea-4ff4-b50d-4e11b9df8f60
213,393ccaee-6f76-41de-b021-c7b5c2a24315
214,81a224fd-e6bc-4611-bb6f-a57d5c7673db
215,2e3b0679-2388-474e-ab0f-744e132289d5
216,3b58abf9-92f8-439b-8140-0213b6609daf
217,b9d18311-78f2-42e7-a2e2-08c1a67473c7
218,8d580593-14ad-499d-b8a6-eccebbfdc6b0
219,4b51ad39-e794-439e-aab2-37099b99733e
220,9b09512b-b951-4a55-8f34-02f8d5165da3
221,aaa6c689-6598-459a-b561-4d3a855b767c
222,fd1c14cd-66e7-4ff1-8b8c-2ef2a18c18f4
223,fc14d29a-6fe0-4459-85a1-8df22e576f4c
224,fabec8d1-5b8d-4b97-9d5c-48bc348a8b6a
225,7fae7e91-c829-40ee-90b1-3795e6a737aa
226,4c528e33-2455-4da7-8269-278507db6f47
227,3ac99f4c-39c8-413d-83ff-8c79bc14163b
228,7928ae49-d1a4-4eb2-a4a7-342d27f4ca67
229,ba2c392e-17ef-43eb-9eb8-3a3640811fe7
230,59b204f7-4199-4788-91b7-ca5761c6f603
231,ee9bd96d-7622-4eca-9184-6f12496563ff
232,ab8b7f19-b48e-4a36-8102-5ffc6df1b75b
233,aa28379b-c0bc-4f8a-8c67-4822eb0cb267
234,945aa0a6-eefb-4e45-b944-153c327e8fca
235,2b070434-2103-48c7-9fff-23d7163c66c2
236,968bc001-a0e4-4a40-b958-c403468df25f
237,24430f59-8def-4279-bc0b-78c85271ee4a
238,4a106857-1786-4fb5-a70a-f668b59e710f
239,a00548bb-c857-452c-a90e-a53c13a220b7
240,b53f0202-f67f-47ed-aa78-3e537af33bc0
241,49961f43-d71f-436a-93d8-4873c3e5bb41
242,0649110f-a6fc-4572-8aad-67c3c54ee0ae
243,6158c432-61a0-4419-bd86-fc371896d993
244,1e3819d0-da86-47d9-be14-6d32d3136eeb
245,ab35f6c6-22e2-483c-9e05-f4e7cb5beba7
246,d425def7-4ce3-47b3-af72-bb5c1a049d7c
247,c4b1791d-66bd-4510-bf97-89053e90baf5
248,5614d3c6-e8cc-48a3-b30b-8c529c0eb7b0
249,cb676ea8-25dd-4c9f-bbb9-37a7d8e646ac
250,879916a3-26c5-49c2-a72b-9ff63dafcc7f
251,0186608c-6770-4473-b1cb-385b7c6e9aff
252,55afb0d6-f381-4eaf-8de5-c12ea3fc3698
253,cfb60b05-443f-4ac1-8a97-a6601142762f
254,858b2801-f664-4214-9a83-aef043449edc
255,0067e9d1-7818-4ec9-a6e7-469e890b4c22
256,06db7f8a-5d33-4585-b8b5-d73775cbf207
257,1a08aead-3db1-4b84-9a9c-95a9d280be28
258,a83a1f3b-6db6-45aa-a7b2-27575aba015e
259,1142b8ad-0125-4f77-aea5-3c9a6df17258
260,a4e2d2d6-7cf8-4c86-8c74-757ce6a67ce9
261,1511ea0e-c25f-4426-88e2-af1d13d45a55
262,d2e114f0-0b56-4b1d-be23-0b8c7a57ec5e
263,5d80abba-f616-484a-8348-81cb2a7d0e38
264,c1b197ce-093e-4cd5-bf17-7728e675264c
265,7f466c04-24ac-4768-8bf1-2a74728ca087
266,cd78e190-e9f7-4c1d-8aa2-52308f4090c0
267,726afa90-a8f1-40c5-bdb0-2441222599b3
268,40383a18-42a5-47de-94b1-81aedff27254
269,e171b93d-3906-486e-ac57-61782c1ef606
270,67ecbb59-0aa6-4468-9054-9ac8c8557ea5
271,b3c54998-f252-42ee-ae35-52da39425a17
272,a3495a38-28ba-424d-b3c4-e2aaf3d4a163
273,a4683135-abdd-41f1-8687-0fe848099b32
274,addcece0-ae8c-43d1-a530-c37f16ca03b3
275,cd51a999-5c62-4f2f-b895-143279e00abc
276,931485e6-c0b6-4b3d-b66f-93cd3f1eb0df
277,e3c42573-d616-4085-81d6-89f96cd71f37
278,5253eceb-6dc1-44c7-b5d8-d89b457f190f
279,91dc2da2-9ab6-4ad7-bbd8-81be11558234
280,a117585e-428d-4700-8ec1-b3159f6699ac
281,62366295-427b-4486-9344-700b2c25bf24
282,3f146e90-021e-4dce-9fee-996a4d98a562
283,85368d78-bb7a-433b-a8ae-005b717e7f5d
284,8af064ce-b307-4d4e-8f22-91dc32aa612d
285,b88ae21d-53f8-4e2a-92b2-68dd18280949
286,12f6a773-f69c-46c3-bca5-366844aec889
287,1645d5ef-60c3-4ff1-8513-8010a4c27784
288,e1a5d967-4f59-46d7-a3ce-fc5dd1137f3d
289,8a306e7e-bc46-48f2-b99b-af550a437e6a
290,c1f935b9-fbfe-403b-81c4-6e8f47c74919
291,e43fde0e-33e3-49cf-8a55-010b4c59a02f
292,d6fac6f5-2e9a-4608-8210-18372e13d420
293,c8499d2a-cf90-488f-9fd0-76aafb2eb4c2
294,61e480c0-dd83-4fce-8212-a919ec1e0c08
295,cf1eeb03-739d-4024-8b55-ad3b5fd7e9e9
296,3105851c-07f9-45ae-b9d9-544845f8e414
297,c71ca528-8b0a-46b2-8ea3-8ea62f4b0fd8
298,7b94ffa5-a6b3-4eb5-b47c-87db931edd4a
299,975f1f3a-760f-4528-87a8-3e67593548b4
300,a2deb0fc-e653-4b7f-b1e8-d33038cb0cd0
301,f11a55e2-97b2-4adb-b60b-52fa39f0a0ba
302,8310eed5-90f3-404e-bf10-a02ae108f11f
303,63ed10b5-0eb9-45db-9a5e-2ebcf159d84e
304,1ec60b44-d337-4cdf-8012-8d0cccb0b7cd
305,30becd86-96c6-4984-a545-8a448b9ee7a4
306,73dbf65a-fbf5-4770-bc10-ef732c9e948e
307,1c6fb5de-7c90-4987-95a1-5cafd915ac64
308,f3113055-a22a-4757-b9fd-35fe52670704
309,6a9ce5f1-7331-417b-8de2-533c4fa42d0b
310,904d09ff-94fc-4f35-834d-8e720ac72b82
311,4cbacd96-1940-4e2a-8bfc-2f3f6d80bc9f
312,e97ea2c0-a999-4cb8-90ac-f04e5af6dbc6
313,2a019f8c-1334-40ca-81ca-2032e3b1592a
314,741787fc-91a5-409e-8e0f-6793843fdbe7
315,bbe60035-880a-4fa0-a7fa-065b4c911781
316,fed2dc9b-755a-4641-82ee-ead89207a60d
317,c8f46903-6650-4320-92e9-d581ba8de0b2
318,fb9ba52d-33ef-4855-a91e-03176f23e38c
319,ca48464a-c65f-43c3-8e3e-f24ced9c770d
320,26a2ab7e-3a58-41a9-9a1c-be17ebc633ff
321,22a6f8c8-4db0-4e94-bd59-9f7c58cf0526
322,0aa88ae1-57b8-4d94-858f-0a595b2e1ba1
323,4a1da12b-6c77-4be4-be1c-bdac53523300
324,b69ad055-989f-473b-87e4-47bf98ae50ff
325,b6527484-2180-4524-8b65-00de4346eec4
326,36380b6e-d7ea-47e0-86f7-ffb0db2c3623
327,261552f6-995a-4f78-b474-4e4e52641594
328,0455eb26-ba77-4c09-89c4-f42b92c16e0f
329,6dfd4234-692d-469c-bb06-80744ffe622f
330,36a8dcd4-7119-4c86-ad04-d5fdf5ecc81d
331,01d2a5cd-673c-40cb-8d83-0f984b00a255
332,8d6ec6dd-088d-4ebc-9410-be01361dff1a
333,6de1bfae-e3c6-47b0-9a48-e4735edde001
334,f4b5c465-1243-4f08-8eab-d39a091768eb
335,4479959c-5d61-4418-84cc-b3f264bdb526
336,3fbd97f2-9284-4a0a-b805-517831daa512
337,36445dcf-3e2c-4d0c-a86d-3b5e2881434b
338,8b66e91c-ef7a-4263-aef3-9b386ac39aad
339,0ffca5bb-6b68-4d21-a65f-b3dffbee00e5
340,651fd162-570d-4e8f-bfc6-8ab588764ec6
341,c70cbb4c-6a46-468f-9eec-3980f51aac96
342,b72d96a8-e048-4358-848a-5a4a4cbb56a3
343,68b5f864-eb92-4800-8b4a-042595f4b5c1
344,c0d6c361-31c6-427f-bae6-899752cb2fc5
345,38f382a1-4cd4-4067-ad39-4d0bf8cdf420
346,373063a7-a39f-427b-beb0-a5c00febef38
347,d1b62b04-b1ce-4c3d-bbc1-6fe26b0dbd88
348,ae7179a3-0356-48a7-b8de-24bf78c4ee02
349,c9d32bc9-ae33-4672-bd54-8809ca296fc1
350,7df69c0d-72d9-4732-9a93-a35a56444292
351,8bbda33f-e2f1-42a4-a3c9-161ddf6acedf
352,38b15e70-2d87-406d-9a13-e5a98040f55a
353,56f19080-627b-4185-8bf2-28d93f47c032
354,7ef8dc24-d771-4eef-874b-95399b423c2c
355,3e1e218e-a419-497c-b584-24d7aee97295
356,a4873612-b918-4a87-8f1d-61c924345d3a
357,e93d5850-806d-49a9-87ce-9fb803b31747
358,01904c3a-9429-4afc-af47-1eee43ea7208
359,b563c764-b109-4dff-9adc-2a779e60b135
360,f3b40304-e034-43a4-8aae-0969cb2faa40
361,b53f9222-7873-4d3c-9269-08f2efb950f3
362,41e8ba49-ec0d-4987-ac49-7bd98c5cde90
363,82468787-8890-4811-9a3a-9a0d6b2560fb
364,0235012c-6f9a-4ecb-9f72-d9ae0960f868
365,f3a635c9-e151-4a43-a9a9-9f48b36bbd3e
366,1f29adb4-2e83-48eb-b67b-959c8b38545a
367,eae5a1bf-1366-4176-bd85-14e1542e9f30
368,4409a29a-c93b-4ae0-a4f9-ab93e816f9a7
369,a5c3a0fe-2d1a-4af0-ad3f-3ae164db89fb
370,3887f96a-4e99-425e-aa7e-5b91f0b6f931
371,3bf1b00e-95d6-4df0-83a1-45d059ff9d9a
372,33aea735-b8f9-4ad9-a024-3839453cce5f
373,0691f2c2-446f-4ac0-8cf2-aba5e61bb573
374,8f9169f2-d9c7-4b67-a0c6-8044314a1aab
375,2e1419e1-1052-4285-a07c-5cf8634a7c0a
376,e28abbbb-d787-41ad-b92b-bc47bc83bea2
377,d6aaa8fc-a388-489b-8def-e87d1ceda70e
378,41394124-1d4e-4de3-b161-2ec5d622091f
379,1f39c462-f31b-4df9-95ea-05db24dacd5c
380,b7b78892-6e84-4bff-acaf-ccecd9f9e7d2
381,e1bbe0fd-b9f1-4a93-8ef4-d3f0327bca6c
382,2b463b6e-ff27-4d16-a5e6-d9acf3ffbffd
383,e311ec23-91d9-4537-8d3d-f4b03ef2f3ef
384,8d8eee54-7314-4a9d-afe0-e33dec2cee17
385,bba84c41-a7c3-4d06-8eb7-7cade2d96e91
386,dde0aff1-4c1f-404e-8129-d9b929498987
387,611e29a6-2d1b-4d2d-a59f-89850a874f9f
388,584a48e2-999c-4312-bd81-35535ca6efde
389,b5a88e98-792c-40b9-9ed3-af4c50c6accc
390,d3c12a85-9b7d-4751-bf9b-34a82b80e5cf
391,7f74d3c5-b203-420c-9640-61735c5f3f39
392,747b3b84-03b0-4970-b7ba-529833f9e54c
393,afbcca0c-3108-4352-bec5-f3a0b457d450
394,f9bfafed-3558-40a5-bfc0-639f245508c1
395,a828b35d-340e-4166-981a-6c4820f42ac1
396,fa69c455-8daa-4b09-8cdb-70970890251c
397,33a4d7f1-fdba-42e3-a846-5d27ec46a437
398,5737addd-679c-4760-9649-00a84bdfdf08
399,0bb5c858-8c65-408e-a628-70236c4717e7
400,c463fab4-87a9-4866-b9af-087e8223cbee
401,2e3c6999-f1e7-4593-aa07-d53163e77838
402,6ec20250-d0e5-42d3-bfb1-e53e76b9dd49
403,f2de522e-708a-41ef-a6b5-2bdd4e45b363
404,7564f6d0-18ce-4db8-8780-af395d5d4aae
405,18dc312e-c0c7-4fa4-adff-b40b6f8a5349
406,96490deb-bd49-400a-9f6f-99c990d3fdce
407,255a1ddc-b343-4e5d-be6c-9d8bb1d94e6a
408,16f4e01d-fff0-46e8-acec-bbe1764726bb
409,ed69a572-d07a-4b6d-b17c-591f8c9c93fe
410,1d1d2240-320b-476d-b6c6-c5a0c215ec27
411,b3c96459-12ec-4015-ba07-67361f92631c
412,051c8111-2b45-4af2-9fb9-0f9d2fb1af5b
413,67cd47a6-96f9-4eaf-87b7-d8430ad9f6c2
414,15c7c215-5898-4b72-b672-7e81409f66bd
415,9a0fa74b-5805-4ebc-89a8-d36ed6be18ff
416,6829d2d7-4e3f-470a-ad0a-bd7615c75e6f
417,45096fdd-b8ea-4749-8bdb-b0bc287845ee
418,7c05dedf-5eee-4c3c-8bad-eea59fc87cb4
419,594eb1ed-1078-4f74-a2ba-89ea5dc205a7
420,96d6d6d7-cb34-4804-80e5-33006599768c
421,6f736a3c-50ef-4c28-a52d-224ecba5cdce
422,7a5ac08a-35b8-4c94-b8c3-621bddae6393
423,c0a5e01b-fc48-43dc-b26e-f405b29cf3eb
424,22a3ac4e-f28b-4757-a362-e52b2280fa34
425,538b73a4-23be-4371-97d2-32c9e1d74971
426,d82a14dd-afa3-4ba0-ba79-ab63293feacf
427,8b068349-7e82-4dc3-ad45-a2f47d8505cd
428,c71df777-ea10-4edd-bc70-598ec4bb02ae
429,7a212536-e8d1-471e-bf38-a615ea6b4232
430,f5c5e5f2-fd36-4ac0-83f2-fe13c42845ca
431,999fcf2d-f707-4787-a757-5a9596d323ac
432,1defd268-71d3-40cd-894e-59512e86de46
433,766717c2-6670-4ff9-8868-033db5150db6
434,344dd1db-2a8a-4210-ba33-e0ddd5e85a54
435,5dac189d-0537-41a6-80c2-2164eb042c3b
436,ee1ce608-1666-4506-9754-90f0d0913432
437,ec681997-328f-4b15-b27c-bba2544849c7
438,e4671f49-23dd-4b14-a461-f3936bf7a33f
439,63474497-1263-4813-91be-1117cc89bf2f
440,47f0bcec-ea5d-459d-9e00-eda4d185413e
441,9fcf9326-4556-402f-adc2-0d1c0b1ad9b9
442,3c42aca2-623f-453c-a7fd-88aa7591a369
443,630d664c-1ec2-4468-8bcb-fbb886808549
444,729659a4-9210-439b-b59b-2d6111ecae3b
445,63345a9d-01d9-472c-8d38-b39820529337
446,3d22b20f-8e64-4c2a-a3e0-a9ae4aaf6b0d
447,1d1332ec-8225-4def-a236-40dbc3e2aaa1
448,3cfc9281-49fe-4f7a-8cad-2baf506779d6
449,2f90c331-9aa5-4644-9dd7-bf0371a580b3
450,cd4bc577-2f04-499c-8d74-0886de3a8b97
451,8d5dd7ad-1f89-45dc-89e0-9d90ad69d5c3
452,77f8f9f0-866d-4224-aeea-0bf17adafa69
453,737dc58f-d28e-4ccc-ad71-cbce39b804e1
454,a5e5c3e8-713a-464a-a80b-2753e32fad41
455,5f4f308d-fd46-4a0e-bf42-43e795b80e2a
456,5f00a82d-1c5f-49e6-8b0f-aa78465cf8f5
457,d80c49af-6f14-4132-af4f-52b057c7ecc3
458,97eb7a06-5264-4d67-95d6-adc61750c7c1
459,f24668b9-fc8a-4a1b-ad4c-6e91ead42350
460,36bd8fd5-e1a1-47b6-88c0-8683f99feb9b
461,f812bbad-9fdc-4b26-86e6-362041525ec7
462,54e3d0ec-4e0f-4059-b2ba-29bb2b24d722
463,866b357e-73fd-4adf-8a95-172d901d8a91
464,2ceaa6e8-3bf0-4c52-bcd0-356b5c63808a
465,7347cf3c-c38f-4c62-9caf-0eace883c18d
466,39b7fbf7-2284-4497-aa9c-3e265a837685
467,5be2647f-7533-439b-af9e-b54003aa09d9
468,5531d7a8-f43c-4905-a158-2cf6e1df8757
469,a130d384-5a02-416c-86c5-f664ca8d2095
470,a9e6f2b2-ee2d-4bcd-824d-52740bf10753
471,84857218-0438-4002-9229-e7e8a3678f57
472,ba4b839a-4ae8-4b72-9470-b7985f596f0a
473,cef6bc5f-69cb-4611-aefe-be82c80acfa6
474,7f6c498b-e758-4a8e-918a-08f281d392ae
475,5bc6677a-3cad-4c7e-8682-eece70b96521
476,d56f5777-928e-4a1a-b6db-43853d502d16
477,388266b5-f592-4a6a-848a-3ed818407bef
478,350f589a-a486-467b-b347-7a2ecc86c157
479,0eb4732b-0e8c-4b38-bbd2-2e62c62fee84
480,0643d15e-ee70-4cfe-8b64-1ab3eadd4da9
481,6ac08f6d-ad49-4674-8d10-a9a447f52ef7
482,09bccb82-63cd-422e-816e-3d7859f1c6b7
483,9e34d2ef-326f-4c63-b04b-09c90be0c3b0
484,4850c3fa-84f8-41a2-8302-d37069f35d62
485,f8bb1b02-abd1-400d-ae67-762847be8bed
486,14c3705d-67b0-44da-b86e-a2b68124247a
487,db90b217-5a64-4265-bca5-370ccb852fd4
488,748a194e-82d0-4906-b9e6-709410e7a8d1
489,be465027-0adc-4286-b861-60e3765afdff
490,778d8cfd-3d49-4bba-8717-5866ca9bffc9
491,d7026f0e-52c9-456f-8412-b912c991be5b
492,4134ab31-441c-42ca-b2bb-4970d2d542dd
493,0c75c82f-6c19-43c7-aad7-07fb81af5612
494,0574f386-c8a3-4cfb-93fa-3d357157b9ef
495,41658127-74dd-4b26-a5b6-b67e07ad27a6
496,01710c5d-8179-4b24-bdb4-5f9bd6a3bb63
497,c6a1e7e3-5807-43ac-817c-9708f5821994
498,27a23226-d379-4b81-a37e-ce9bdd61f7eb
499,59ff8164-561d-4616-bea5-83ad08151168
500,c7f63ae0-5503-4958-8b9d-692a21ed45e7
501,0388a37c-0afe-4b98-bf5e-9768c796dac0
502,68a46913-a864-4784-b1c4-f6056095974e
503,4131ca81-6c2c-4364-b8d1-aaaab77c068a
504,92db5235-a8c5-47d6-9ad2-3c52916045d3
505,37356b9e-755e-47e3-9010-fe1613b08a83
506,0f4e1966-321a-4211-8e11-9009dd7c8785
507,43ace62d-7274-4489-b256-56be185a8caf
508,97c149ed-dde9-4a16-9c80-7262789d26e1
509,796fd958-7a19-4a02-b20b-b18c8da9e935
510,e9d4cd27-de77-43f2-ab9d-cdf6a0a15db9
511,9af28922-0645-4a04-9409-9ab707fd29a2
512,fc07166e-7b63-488c-9aa1-c4b71f52c600
513,0f5a9f21-582b-49fc-90a5-7970189bebcc
514,eb54c3dc-660d-4c1e-94fc-069605c44f74
515,d8d8fea9-0418-45c3-bf3f-9bdb7b74a8bf
516,9020f268-c0a5-400e-998e-8aa5b8325cdd
517,d3a1a15d-2948-4db2-aa97-becba6afc6dc
518,e7d8df87-0ac2-489f-a6fc-29fd0ed237b9
519,b9ff9ce3-9e28-4a26-a41c-ede101deeaf1
520,437a692b-3f33-435b-bdcb-0f8a7b8f161a
521,1e71fde0-11e4-4c2c-a59d-55435faa7be8
522,e52684fb-123b-4971-acb0-ed13f9cb2a50
523,33d055a2-91cc-41c0-ac32-fb3ca05d0fda
524,d3b0c076-68bf-4f27-8f7e-a06ab06e24d5
525,24bf7f1f-24a4-45fd-9742-44c146f861bc
526,ccd88671-197c-4af1-80b9-baa0cd49eafd
527,c0ecdfc1-4df0-45b0-8ccf-c1cfd7dac10d
528,a245b015-51b2-41a0-83a7-d8c98e38ad4c
529,92255350-1633-4c5a-8ca1-9189c522fcc2
530,fdb42793-a005-4c33-af28-799027db8f2d
531,0668d22d-7f7c-423f-94bc-85b62debdb36
532,d1019b7f-d880-42e6-94b7-c406dadfaf21
533,75b6df88-2ba5-4efc-8200-765346f7e5da
534,4a7d0034-19e2-4d26-bf60-415b69837f2a
535,550db9f3-3cc7-4547-9309-c58bc902a28b
536,b92fe454-47e6-4468-8b2f-722bc8ed536f
537,6815e66e-3ddb-408c-9a3c-a22abe659d80
538,6f70b32f-3410-4aba-a598-af25037e1dd9
539,6b2f34d1-21f6-41c4-824d-74420acb28d6
540,d316d385-acd9-438e-8617-dcafbd4e90f9
541,43fc6844-9b9f-4add-a1a2-be6cb4e2e5b8
542,9ccc0a2f-4825-48e2-b415-89fd496a0281
543,e0ada8f9-acf5-470c-a0a1-afa99597ea08
544,55da0d6e-5744-47e0-9ab8-ef6c680bb4a4
545,59997dbc-fb79-4089-86e0-aad0fd7d32f2
546,bec6f7b9-87e1-4587-b90d-2bd39b5778aa
547,146c2920-e6fc-4254-876b-cfb3f23106e3
548,459e0d78-39ef-443b-8d1f-8108deb8096f
549,16316070-65d7-4d49-93d9-849f4cca86e9
550,918171c8-473f-4007-a842-47a81c13ba32
551,253e7226-560d-4212-846e-c34e419fd89e
552,0e37f286-53c4-4429-ae32-0bd349b97138
553,3273d695-63cc-428d-b3dd-2994ddd2bf7f
554,39c0d461-2f7c-4a37-a33c-87d3a8c9ce04
555,a85a305a-b1e1-4aed-b857-035172290c33
556,18269f7a-e7ac-48d7-9487-3c4bf6f0c353
557,8371cca0-f3c7-4e40-bc0a-410947d1a2da
558,5491753e-8057-4166-b54e-ffaad695b89f
559,a7017364-4d1c-48a4-a955-f548980d5fc4
560,c768edc0-256c-45c7-b45f-29e0cd84d139
561,2b7a7282-3913-45cd-a1ff-766502cae5d7
562,6c8122bc-b105-4bae-8c43-fb3a6cec1fcd
563,661ca6d3-b268-41b4-9af4-e7e9ff26001c
564,141f356e-c87e-412a-b7b0-ba2adb3ae01c
565,b592c375-ee31-4401-8af9-d386afb34347
566,7f88166e-d436-448f-b12d-5a9e0a4160ea
567,da18a185-8f20-4292-bcd6-8675516d5cfc
568,3082c37b-2a2a-4c30-912a-bc76e6b1d429
569,5a073ca0-fcd6-4168-81cf-ffb2c5da24a5
570,a85aa41b-9de6-4069-8e8b-dc201ea4b4c8
571,0f73d506-a294-4037-9b76-97920cc97da8
572,ec2e63d3-937b-4179-9bf2-6a77071ba319
573,c40cea91-cd2e-4cbe-9791-eebc08402f01
574,96725358-9b9c-4b8f-96fa-b0919e421a7b
575,4097c6c9-2143-4922-8549-f02a270834a4
576,fdc2197a-74a7-44fe-8e73-2dd75d02c5aa
577,e6c071ca-7183-4d1a-809e-d45bcf0cf979
578,967a3f8b-57dd-420b-b058-b796c8dfbaa1
579,20b0c4c8-6e0f-4c04-8872-473b5ee7e818
580,ac0009b5-2577-4523-bb78-f4a41c3e0d7d
581,6b7ccab8-b1a0-477d-a77c-5b1c83c101fd
582,11e7d3fa-ffee-4a6d-8cf5-daeae3af020e
583,31c8f3c3-e2e6-4686-ac6f-870db1b4dee8
584,81198639-a094-4040-9783-7e5f8c4f6c5c
585,b34febcd-2366-4314-bb12-ee3441cf900f
586,54c8cf73-800d-4cd9-9166-b7bb6e5c7dd8
587,5e438053-f80e-4fbd-8299-912159ecc404
588,ae7a517a-8047-4def-b62c-3d7446295778
589,6b6ccff4-9ff1-446c-a11a-9ac58e6e52d1
590,b5b3bfc5-48c2-43c0-be2a-2b76d082ba42
591,050c0db0-1cb5-49ff-b8af-62fcfe2a7bf0
592,f15015b6-39b0-425e-8ce9-531be597aec7
593,44e6ecd3-b19e-42e5-8cbd-7db0baaf16ab
594,c65b8d56-3731-4735-a0e8-fa8966e493cf
595,f3733058-f75b-4e86-a746-14d25af734e8
596,3effd194-dbdb-4abc-9ac8-e02e0edb580c
597,e68746f6-af76-4027-8838-4382d91d9dc0
598,3c6566b9-ef36-4afc-bb84-bd4761ed2735
599,87520663-1c52-45b9-91f9-4ee06d8eeb97
600,1be36239-2147-4bc7-b0e8-9adebde4b7ca
601,bb0009c2-4cca-4ec5-9a77-bae220ff97a3
602,efed4c86-ef58-4fb2-bb4a-59a9141f947f
603,e02c0e83-1da9-40d4-ad66-e8cd65832a4e
604,2cc6a244-7918-4fe0-819a-d448b9003a15
605,20b7d066-b397-442d-8af4-ef4cb1261f51
606,abbcbfc8-df40-4a27-b10c-4d1458b64148
607,fd385e9a-8e4f-4f9f-b776-86c395b6ef7c
608,f44c7b31-2931-4cd6-b9b8-26447c47fe17
609,9760fa23-d333-4d4d-8f6f-a4f607254217
610,4f64eadf-f607-496b-959f-bea0cc73e9c7
611,be9019ff-9c9d-47d4-a0e9-a9d59c742833
612,d1bba918-d0f7-48c6-99c8-b06c79a816c9
613,26ce1ef1-22b8-4063-8a94-b607006ae0cb
614,2367c82a-ae55-49f7-824d-aa0e3872ce1c
615,8beeb097-0aaa-4312-951b-145b835d1da5
616,b79a749b-2a7f-4dd2-96d5-f4adf289d8fc
617,926a8256-1fa3-4e45-a629-c9b2d38b9866
618,3496edf3-aab1-4263-853f-97479ad5a66b
619,0a3d68b7-fa64-4815-8db1-a0ce4c11efd8
620,4fd8d3bd-1e0d-4138-b681-73b3f82c1a25
621,51721728-3cbc-46fe-9d3b-b3db61cc943b
622,8324ffa8-3dd3-4154-a516-078cfcbe84cb
623,fa79e0db-aedc-4f24-b162-28eebf7662bb
624,e8388057-de63-4958-bb3f-92a02ca76382
625,bc2429f5-d824-4325-8385-b16de2fbaded
626,afaff9fe-f954-4a4e-bda6-e6f9189b9528
627,d23c6404-ba4d-490b-b6d9-9ef838dc5806
628,7eaf8b97-d3b9-43fb-b634-0fdd6f5e96a1
629,b41751a3-9c61-4524-93d0-c3c2c291a620
630,a0690a93-b4d8-4685-9462-3502daea3abf
631,1e656754-b899-4d1c-8f54-10ad4324b4db
632,b38b597c-20db-430c-a630-1f6eaed02bf4
633,31a00684-e6ae-46bb-99c8-e6bbf1be476e
634,48fcf524-1736-4c84-8635-3b521bb5dcac
635,f56b1338-d0a3-4904-80dd-7b86031c41a7
636,0e5842e2-0d4a-4fd7-9251-cdd636ccbe8e
637,5db9d705-264d-49d2-b79f-b3f75198d94b
638,50b44575-7a9d-4f35-8b16-2e619dcc967b
639,00368931-e5d8-465b-aad0-eb3bc7a1d4b6
640,b564418c-3605-453c-b351-669dc4a31b53
641,4002b713-2959-4998-96a0-e490bb691585
642,03be0db7-4de4-4b4e-81cf-cdae74917d35
643,8b9a663b-9cc9-4757-8bf9-7375601450a3
644,bed43450-f4ff-4922-9c33-c1d1ae5baa27
645,94f42ad0-0c6c-436f-bae1-7317219485de
646,be445299-7ae5-46a2-9e36-43e1a8760c22
647,7f7f3ff3-eaeb-48dc-b5a7-27cc5cfe8aab
648,5d712a29-e5a7-43f7-a402-d0d928f1fd61
649,efe9c9cb-21d3-4d2f-8b86-caf519dbb60a
650,d54a21c1-c753-4beb-af94-ef77bd8f476d
651,248be58a-6f4a-4f80-ad16-91e69b047f21
652,61d7b73d-262a-4b48-8387-d4de1221f4d8
653,f5210304-0c39-4745-a58d-0af6f64f27c9
654,d4548aaf-2482-41b2-91a8-aa40ecef8294
655,23534d6f-8fe2-4eb7-a581-85272b533d89
656,8685ffa2-5c59-4d74-894a-24a88aea8308
657,1fdf7e67-3b1f-4e9c-99fd-21d290a8fc7e
658,d4bf88fe-35d6-4786-aa10-adc0ee5452fd
659,80a21300-fee1-4635-89c6-37e402cfe759
660,b12eda8b-e56f-4355-9a04-e8db1b619cbb
661,c9e163e0-1951-4d56-a3b5-66997715bfc2
662,e3e0245c-97b4-4008-94c6-ce027aa80891
663,73c0b0a2-2594-456f-a2cc-ea8998b4d52b
664,a9fc1432-03fe-4588-bf8d-9405685fb3fa
665,e3ef220c-dd42-4bee-a4f5-0f1b9904ee9c
666,49d92d0d-fcaf-4388-8c49-e980375bf8c3
667,61f2a218-09c7-4572-b732-38604990bd20
668,a4d43ed7-1b24-4846-afce-68b31845ee2d
669,6a794372-6e67-47f4-bf05-da422a5fc138
670,d83d4011-a332-4efa-8cd0-6249425e52db
671,fa294223-b89f-4ffd-a9af-395903cc9de6
672,14a0f5b5-94c2-43b0-80b6-d6226e590fe2
673,e123062a-46ff-40f5-bb55-dab5aebe5032
674,4f021b06-d872-42e4-9a0f-37e988b26fb0
675,30f92d16-e3ba-4ec7-9efe-5177a943f2f2
676,7955e229-9f04-4166-86e6-86d3033e0874
677,9d7ce1fc-7301-474e-a5f3-60bf57d2a045
678,9424f3bc-7996-4627-ad38-98f75ef428e0
679,fb5b57d5-b28d-41cd-b0e5-4c0740b6d52a
680,9ec78616-c16e-4d8d-a43e-a50648506f08
681,4b86a903-b4c2-4941-bb11-60d38a45e929
682,3be26fa4-f1c1-4c9f-8e44-d48ab0071e65
683,065020a6-c0db-42e4-ae81-39fbb98e409d
684,c6d0459a-d489-4252-a8f2-87b4be22c046
685,a966aab5-d9bc-44df-b3df-acf20013a5bc
686,6acfbe55-1a32-4865-8dd1-2f460c3e2483
687,40b538bc-1b59-4040-86ca-f973b456bbda
688,7161bd47-f647-4939-a1af-beb5ea0a82af
689,0223cb84-59eb-45e2-bb57-d088b03ec9ce
690,d8d515af-a1b7-46be-92cf-dfb507a080fa
691,ec246353-bb0c-41aa-8971-38aae228845e
692,3e7d7bb0-bbb4-4d95-b349-7508f89cb1c0
693,371949b7-da33-477d-aa78-5115771f217f
694,67153dd9-dbee-44e0-91c0-ee5b9878e95f
695,0c2492e3-f979-4ea0-8ab2-e9db8eb94b82
696,06b63af8-76ca-424a-9c5f-8a25bc195f39
697,399505a7-1033-4f5b-8576-f148c9f696ec
698,693abaa8-c65e-47b5-81d7-ca9b58bf790a
699,de73a368-e8f2-4282-90d1-9f021faa1675
700,1e31076a-f3df-4d34-b908-7f8fa228dd8a
701,1ec9b065-7eed-4cbe-a985-473fa43e5849
702,68351ecd-af92-4f9b-baa0-f286745eabc9
703,55f6ea4d-b482-4e77-bfe4-1cbd1ba6d31a
704,1cc7298c-faca-4c3b-a4da-ec7eff4342d0
705,8dc2e33b-9a78-47d8-9ca6-869e8825c5e2
706,0d90ed28-5a03-4320-96e2-9d351e190c73
707,893222ad-ac88-449e-8436-2e0769e874b6
708,68d6ca96-2020-43bd-81c0-60805eb242eb
709,0f0279e9-3468-41b4-b4f3-553d03270751
710,14681c3c-4acf-49d8-be9c-2e8175bd1c84
711,db8e1b29-0a1a-4dcc-9bc1-33be4ef7231f
712,3d4f677f-945c-4996-8b2d-7d88d8c4a731
713,c6ddea6d-a1aa-4310-b488-7bb719b6754f
714,afc03132-d225-4b9c-b2e0-e764390587f4
715,b919df32-f734-41e2-bdde-a92965443833
716,15b39770-0ae9-454d-83e3-565e603981f8
717,05240025-82f2-4a85-9b2b-574e9cb2d764
718,918b0e1f-03a0-4eb4-911e-b7e0be79016c
719,ae53c22c-6460-4ca6-b1c7-6c41a1fad237
720,921e01bf-d4fd-444c-b3e9-8184f19dc5c3
721,a0ae5dbe-1cbd-4268-a04b-446ba1f6eb00
722,015b8c22-f12a-4ef6-9ce3-b70c06f50840
723,1b8eb4da-b41e-4cd8-9e4a-86660871d72c
724,4b35d16b-6914-42e5-88e5-b5383a6b1a63
725,198cb446-fa10-46a1-987c-c9367e2a062e
726,2dee01b0-a2c9-4af9-95f2-e5322a07dc1e
727,dcd041b1-7157-4178-88e5-f49738ba4da0
728,f08e1b13-a6e7-4cb3-ba99-05712662e92e
729,52ae552c-ad27-403e-b950-62ee2d8d54a2
730,c4315803-9fdb-4809-b174-82778ed196f5
731,c0d36653-b05b-4623-8e39-96d2a17dde53
732,e84b3359-5f91-4e42-bd3d-ee6673b09753
733,afa5916d-74e8-45e4-adec-1a61adda8641
734,ba491fb5-9010-453d-86c0-fc6028deac11
735,9c91c495-17c1-4d81-9559-3b3d048047fe
736,84ef9391-5922-450f-b4e4-18b5a152185e
737,0208e570-68e8-4930-91d2-2eac9ec1c73a
738,46991ca7-898e-4269-8a1f-10c41fd6049e
739,f740aa1a-fc1b-401a-ae3f-a96ee900022b
740,4e261ac9-5e96-4c09-a39c-c3b46859ab9a
741,7bed6be7-df9a-4514-af05-43e87e52f280
742,7fda3a71-5998-4248-98cc-3c889a8fc123
743,4861011f-ef88-43ca-9c1d-18d075d6c5a5
744,c60f17c7-eb97-46e5-95a7-6c8aa1841483
745,74ca320e-73ea-4992-8558-5e837f32197e
746,83ef46ca-f2cc-46a4-b127-b17c5e9f3ee9
747,43a59411-14e3-4a46-bbc2-f4b536cf4ea3
748,d6c4941f-c00d-45f7-b532-a56108181898
749,b62e2a14-ac6b-425e-a565-ced3157b13d1
750,ee41f222-5cef-4059-a225-dfc7e2c172fd
751,71fac5c3-6370-4efd-a9b4-a228c2879084
752,ee3b1a83-c244-40b6-8da6-eb01f2753bb7
753,b5a2f6d2-08bb-4f87-8add-1506a0e99532
754,3aa1b92f-26d7-41e6-a787-dc7ad896a590
755,bfe7cd63-485e-4943-a096-b636539bf114
756,11ac4f9e-3eb4-4a76-9690-bd58ac199d7e
757,5362cb1b-8ceb-4e5e-90ad-ee52f9ac96c4
758,2f809894-ad86-4331-8260-b6e4009edc86
759,e4b93485-a9a3-4ef9-be47-e1e3d89bcecd
760,00010c55-c735-438c-b8bb-a0c7b2e98678
761,9f6ecb75-3f19-4aa8-9c98-caabb3c7299b
762,d5ed4f28-6f95-4196-ab0f-7b4d68d45b48
763,a6d471d5-a0f5-43f3-87cb-a03563a7e3aa
764,61c299cb-57e1-47c9-ae7d-ea5eba05b2d7
765,ea6b8e17-4b33-4a64-a528-089d49a8437b
766,3c273962-9843-479f-bd6d-5938ac3c9637
767,c2bc451d-82be-4196-b5af-14ba2e81e64d
768,6d8b938d-493c-46fb-8945-32b27ea8714e
769,bf0e53c6-98f5-4d6b-9bbb-5b0a3608a94f
770,e95350d0-80a7-423a-abf3-59e650687563
771,b4a15500-f740-4f15-adfa-4e875fc31d6f
772,a01f3cf0-66a9-48cb-8fd8-fd57cf470221
773,75417754-5330-4459-908d-8cac79421f99
774,06204042-8b81-48ab-a17b-2f340586d977
775,1e050ab4-c505-41ca-a17e-96298bd81fb6
776,36b43564-ede7-4ffa-b0fa-6c14a98c9b2f
777,c131e80f-34b8-4d7b-a2cb-d2f7ea08b5a3
778,fb2d7b7e-fec4-46a0-b9c5-2168e880debb
779,3fdfaa43-2484-4609-96d4-b4012d228359
780,76da9037-9557-4cde-a103-ccdb302e33fd
781,7c8595c3-fd79-4344-9367-0c0e4dbae326
782,0dd5780c-c7fe-4678-a3f8-bcaa5ed50ec3
783,353cbbbe-f03f-4e85-b188-79dea89db6d3
784,cdb4333f-57ac-4f8c-a594-6e97fe562918
785,953f7b73-3990-4303-b625-222de0c3ccec
786,0148e9d8-b4fa-4555-8463-64fc28232cda
787,88aed027-a9c2-4614-9fc2-5eab88b29976
788,5ab864ed-1b34-4c11-8acc-965c02e45722
789,b7f1e979-3ea6-4055-8f02-b1991606a9a0
790,86043509-fffa-4eae-b2aa-c1708ecf97f6
791,45c38c03-0095-4a8d-b7c4-eb162dc235aa
792,b8619092-f5b4-4db3-88ab-94bdc57769f9
793,99b739d5-04cf-4474-92cd-31d87276a84c
794,f81e5ebd-abe5-49e4-9ae2-941161f30897
795,339f2c6e-1844-41ec-b7e6-84b618dbe55b
796,af0cba9e-7674-464c-a805-2243fa23beb4
797,34c2c389-f18b-4ea8-96dd-1f54b7562ed7
798,17973962-1212-4f98-bd1a-99a66c4da3f8
799,7da322e0-2277-4550-993c-50b059fb6832
800,2838940c-54c2-4d06-9636-008460859300
801,d464ae4f-fd49-470d-9af7-e7c3bd46a623
802,d1bbd8c1-bf97-4e05-b71f-648e1b04cdc4
803,e1ce5656-4f03-46e5-a9ff-99919e88a33d
804,31fc8399-e520-4131-87ce-3a4cd4f6cb42
805,61ad8fac-3904-418d-a6f9-11001d2cc845
806,5222ae1b-4dff-43a1-af65-882be650c9d4
807,bdb0e04c-8f80-478c-a204-85309434b6ba
808,5503b261-408a-4ea5-815c-5b77f177d4ab
809,a848926f-8810-4eac-978d-f7bd0f4897a2
810,897b25f4-d567-4403-9328-492aa954918f
811,f7e1d3c3-5007-41fc-9418-b86cf6d595bd
812,881d5a5f-7441-45c4-9870-7bcb9db6423b
813,0ba8eedf-2192-406a-896e-99a1a0d1144b
814,66ee1125-116f-439d-9318-8b4ed23b648d
815,1592dde6-d009-4309-95a3-60b40f55a2f7
816,8035898e-a49a-4eff-97c4-9dd550511d93
817,f5d9cc9d-e7cf-41ab-b899-80f7391644f6
818,b83d0e7d-e5a6-4847-a98d-4e32b3c98512
819,1dde96ed-cebd-42b6-a797-eb53cc7b5a74
820,87a34f53-2a2b-44ba-a5f5-a55f67012d79
821,a325c861-7109-4dc2-b885-5d4bb38f4b25
822,dff45876-5974-498c-9370-a96f1613958a
823,9f7b1ab6-e85b-4d03-b3df-c5aa69618c8f
824,c214338f-5142-4e3f-9141-1381e978dbe2
825,dffbdb10-b93f-4ce1-818b-0708ff48afc1
826,92d7e769-22f6-4c3f-9909-45a17242b38c
827,dd8bc869-c069-441b-bc7e-edbc09907486
828,4fe64499-ed1d-40f7-b15b-43de0c4c87f0
829,f7394bac-fe29-4ce9-9e10-9e5bb0dc8512
830,c8fdbed0-fbf5-4568-8daa-81ad92f8a000
831,17daa46d-6efb-48f1-9885-01f790f11b5c
832,fafee5ca-daed-4853-ae1e-8237db1f9a9d
833,d49670c3-2e7e-455d-a3ae-dffb62074772
834,8da65e71-951d-481a-828c-02a5cc488905
835,54c8c345-8a68-43f3-ae01-3e141b741158
836,9436dd0f-d7b7-4b79-b53f-8b5d007ef9ff
837,4125f14f-5902-428f-b401-72bd33c44fff
838,972425a3-247f-4ff1-9b4c-4a0c1eec6acf
839,7c11dc84-06c2-4461-8fed-881a9fe8647e
840,ac93b38d-7da7-41ce-99af-aaf60ff2ccf5
841,7527f607-b5be-414a-b334-51b09b1279fe
842,ff1bb027-28d1-4166-b76d-c74095f68c63
843,b0730e87-d730-41cb-8dc9-2d5f3892fb11
844,e1a1d028-5ba7-40c2-ae7b-e2883c8502c3
845,696d2ca3-5c6a-4297-8b47-29f333264fef
846,0f23cd29-c57a-42e1-a680-7641ac6abac0
847,0bd426ec-db9f-4486-919a-bc5092e1ce67
848,92199927-74a2-4990-976a-8a319aa9aa44
849,f2af36b4-944e-4ddc-8cc1-38b13d5ea3ab
850,d0959e26-f5d4-4ae8-b70e-49689851c880
851,3680f0ef-e927-4672-8346-d9ac50674ecd
852,c2d0800b-fd93-487a-a253-23fd26afb900
853,4f5d56ae-f9fc-4621-9f31-f772b16f4b6e
854,759033de-9f9f-495d-a40b-4b4121360071
855,03a5c80e-5beb-4e7f-a256-a16b81bf3556
856,05ec5779-ebdd-4585-a9e3-83166776b76c
857,33d64e6e-1d37-430a-ab33-337278a359f3
858,9fcabb3d-aed4-45f5-90b4-fe2cf88c4256
859,cd8e91da-f96f-4ec3-8d9a-01a403809fb7
860,c3da6249-341a-46ff-b628-61a4798611fb
861,a1f7ab2a-531c-43d0-b1ca-c3f28292ac32
862,7d5a830c-2260-423c-9421-28a373a36705
863,0d35c9a4-d977-4113-a40a-3f7b3d668121
864,d1092b0c-bf25-45e9-ad4c-1bf3de6e07e1
865,5079024d-71ed-455f-a08f-1e2c956ffbb5
866,94e31752-5640-4504-a24e-435ea086d411
867,c872d49e-5c62-4586-99a8-9c03cae8b5cd
868,f1c15fcd-1b51-4aa5-8708-906c0501465c
869,9597fe22-d2af-4403-9d81-e6fea77d7f1b
870,53603e92-3948-4bb5-b034-c93e0c1bf351
871,82fa4305-cb81-4e70-adea-f925d6ed9a67
872,c3f124ff-14ec-4a96-8d12-53f3cbc15391
873,64159c2e-bfb1-4802-9ac4-fb3b7a2ea6d3
874,19cc9016-f858-41e9-a75a-565bd6f82bc4
875,a3ae4998-aff7-4dae-8d87-82fe96c4c43a
876,7a124dcb-1595-451a-8bfa-504b3a8d3d2c
877,5d33f031-6c2a-498f-84a0-209f1c60ca57
878,f92e6024-34e6-46b1-b821-c46633b3d127
879,98f96d42-8333-4301-a4c3-0b6c3ee3c128
880,2464b4bb-45b9-4a2c-bb50-b56ecadbe583
881,ffce8470-22f2-42e0-85b6-421d8e2f049d
882,78c05d5e-0749-4056-8c36-cdcb3c4c02f4
883,61eb4b41-f46a-4b37-ab88-22ded6e49742
884,54e4f049-d917-4b67-bf94-a6cd70b07cfc
885,3bd3825e-df43-4904-917d-5b5485a3ad47
886,d58768af-25d3-4b13-ae9e-5e6ece8a0233
887,9454f76b-87cf-40ab-b4e9-56324a1aa09b
888,a1f701f1-35ae-488a-aa5f-1489658bc6d7
889,12e4bb6f-44a2-440c-9b77-40b575c2cbcb
890,65abbe15-0f5b-405c-8950-618c2daadaa8
891,8f9500e3-294d-446e-9d02-13980ed03e8f
892,424a9707-cf4f-4535-beba-5a2a3690f3f5
893,c914da75-e347-41e1-9368-58f13f179850
894,c6036418-db1f-46fb-950a-907939334383
895,71112875-b838-444c-bfd2-265712b93122
896,7c21d713-54be-48fa-8d7c-7931a5474a49
897,ce6a1381-9fd6-473f-b0ec-5f77109dd92e
898,bc184aee-cbb0-4bb8-ba2f-69d172d1f1b6
899,b0bcb752-dfc8-453c-b20d-1beb16086b98
900,9067c38b-e67b-4f03-b274-bb3d696abccb
901,217c8f18-dff1-4864-a577-625c5ee6bf1c
902,addba7c6-9ed5-486e-9456-6aa13eb32235
903,ba9097bf-4960-4a1f-9b70-d29b1187558c
904,56b38df8-cac3-4a38-a691-cbad49ae31e2
905,ad5b0640-bcdb-4328-8354-e961ee912be2
906,847c9e6a-5e01-4a66-ae65-37acd9a17cf8
907,e9b42602-1979-4ed0-bddb-0096b1f062bd
908,73fd34d3-661e-47c2-872b-35d61a219c46
909,23b90d6a-8016-4c87-ad8a-b336b00c055a
910,b8f9fccd-4e69-400c-853c-0393ff496026
911,3a335b64-7ea3-460b-9234-d480f90ffced
912,5f25580f-a44b-4fec-91bb-56c9b953700d
913,72cd2fdf-cc58-4c8c-bc89-9f057e5bcb49
914,62f2d8b0-21e9-4537-b833-0d53bfd20f9d
915,7327e392-a1d6-4a35-8508-fcc26d04227d
916,32d0a847-2c89-4ff0-8fd9-7f97e6e35c5c
917,466d60d3-5a5f-42e2-8551-dd6d1ddcfd06
918,8c5bcb71-a758-4b78-b463-333171923bed
919,0f9746a8-9a58-435f-815e-d0a1f08f0f2d
920,fbcad35d-c4a6-4ef7-8040-7b75d76e47ea
921,6571fdb0-dcfb-4fe6-a68d-3da41cff5460
922,81caee71-161b-4775-9315-0d9245960025
923,508352b6-4d24-469b-bcf1-c8cbfa03fff5
924,b705c296-5227-44a4-adf7-d6e8a8e99db0
925,fe2e252c-ebea-4115-8592-c84db0a019b4
926,ae1d8941-b0f0-4ba6-bd28-947340f8c2f6
927,d29e45ff-1969-4189-b2fd-5a30021a0462
928,e6805210-9a9f-48d0-9dad-c720adc63b6f
929,fd5bcc5d-f5a7-4dfe-8142-a832ad87abd9
930,e09cfa6c-95d6-4de6-8a73-c28442d9b962
931,2f88f227-402b-4dca-83be-787896c8d3a8
932,6f866def-59df-4185-ac52-ce822074cd79
933,48d25777-07e4-422c-84b5-88cb9e815c13
934,2777d937-8205-4679-b453-e7b695879ff8
935,39029c6e-3772-4c67-a619-88bdaf968e5a
936,d021cc95-3e3e-4b47-b076-6831e8a73ca2
937,24d9379c-bf75-430b-a00b-1f891150c709
938,07d131e3-92d7-4581-9540-f2403b88c86e
939,6f1eb73d-e747-4963-99b5-b87f1ae9f340
940,5f12b80f-3d93-4ba4-9520-8d398eacc13c
941,9ea5259e-ed2c-4664-aa2b-e500abbf4a80
942,67fcecf6-bc93-4912-a7ec-339fd248ffa1
943,badf4717-4096-4df9-9a55-a6bd4b9d64b0
944,f152a3fb-81ee-4d32-a524-a938cb1a7afd
945,3934c403-14e0-4ad8-8b71-080631418cff
946,9262fa6c-b818-4a55-abbe-fd2d3f55011e
947,4e064277-3cd7-4835-a86c-6739c5dc7c47
948,aa981841-6661-4eb5-bc66-fda0ebeca548
949,66418fe2-4b20-4a37-8167-89c2000c7182
950,58b3a791-781f-41b1-b215-b4bd347b3327
951,afa240f7-317d-4c5a-a299-b2af10ed7815
952,a2ba904e-94d6-48da-b737-301886c4aa9d
953,dd5ce623-fa98-444a-8292-94eaef041276
954,e032da97-bc46-4746-91d8-7871ff40d9a1
955,84f8cdbf-9538-4c96-9e07-802330ac8d7e
956,8907f031-2fbc-405a-855b-2e3489a64051
957,c74ab387-89d4-4272-aada-8b114fc9f352
958,e2818cf7-e798-4c78-bc79-8c0372e853e9
959,17f976ff-5fd2-423e-9ef9-05384d5b611c
960,0a2c1e11-d461-4ecf-a7e0-4f0b31612c25
961,05658c15-ff2f-4d7e-87c0-914bb79d22f4
962,fd873f3c-c164-4228-ab84-8d4bc1cc6972
963,a85ae9c3-7bfd-4c40-88dc-e6d26d98c5b9
964,58051fa9-2e00-46d2-9464-16f807884e6f
965,a293aea5-77d5-482f-9440-0d408dd6c5d5
966,3898c644-0327-4ae6-83c6-99c9b44be8f4
967,38fcf77b-f253-44d3-b748-9a14dfa3b8ff
968,5da0adc8-d40d-43cb-bec0-2afcd62ee5a2
969,cd01b9c3-664e-4654-873e-f918fac14304
970,d210c0c7-f108-4528-8f25-0f632b72b445
971,25e20ad6-c3d6-4b83-b1c7-13491ed79809
972,06717bbd-1367-46e8-b8df-99d941634bdb
973,2a5d9e36-9909-4e23-8a0e-2093d281f6ab
974,b64a9c32-3a25-44b3-9463-ad5cd3d5473e
975,24f0fd8f-4828-4a4d-aaef-610356c89e67
976,85a1af6a-419c-40f3-b1e9-9f5ec8cf4faf
977,a47dbdb2-4acc-4c16-99b1-7755f8339f21
978,6f35f3dc-ecee-4628-8853-edd77b983cea
979,bd7fee00-79c7-423a-a1b3-86134f693871
980,10da7ac8-32c1-4628-8740-78015f5da03c
981,0c86527d-8a99-44f0-81e8-a40789c199e8
982,e41ff666-f00c-4fb9-99ce-47f43c78dd55
983,7ec20d83-2e16-4e59-a296-79270f55094d
984,a751d025-78b7-4243-a8dd-84dc43100520
985,ca07a199-3154-4ea5-878c-c658f7835624
986,8f2146b6-5e9d-4c8b-a80c-18e02c5a784e
987,e366f51d-9c15-4be3-a661-6994301bd78c
988,46b6b365-09b8-4e24-80c8-004c147fd90b
989,59db9a70-8628-4ae5-bb85-e391b4732cbf
990,34b043d6-74af-48dd-8f83-e30b41dc81de
991,bc353ca1-2dbe-4e75-af8b-8699585e4bd0
992,33f3f3d2-41e9-4b60-a583-176db26723e4
993,e4fe7293-789b-48a7-b2e9-c8deb0077bb2
994,4e370367-b5c1-4c25-8cdc-45c58485d78a
995,0fdc30b5-c6fe-401d-ba01-6d2e95f8a331
996,5cb6d8ac-80ec-4c68-81ba-55f7ca2abdcb
997,f723d978-5ac1-4065-a1de-fb4245ef7239
998,b59502e3-1ff3-4093-8d06-b831dacae5c8
999,98707a12-d847-474d-a3ed-0818d26143b7
